date,province,share
2025-11-14,Tehran,0.09978552741771357
2025-11-14,Isfahan,0.17750443373680355
2025-11-14,Fars,0.004263198289416226
2025-11-14,Khorasan Razavi,0.2073690934142279
2025-11-14,East Azerbaijan,0.18874980029152225
2025-11-14,Mazandaran,0.15048135484477115
2025-11-14,Khuzestan,0.09325724955067702
2025-11-14,Alborz,0.07858934245486832
2025-11-15,Tehran,0.415138495391084
2025-11-15,Isfahan,0.11299823812877996
2025-11-15,Fars,0.23108211230432493
2025-11-15,Khorasan Razavi,0.01868062726644876
2025-11-15,East Azerbaijan,0.08351464590270648
2025-11-15,Mazandaran,0.07299999686751794
2025-11-15,Khuzestan,0.012383194275730283
2025-11-15,Alborz,0.05320268986340739
2025-11-16,Tehran,0.15004627906591342
2025-11-16,Isfahan,0.12422971369444158
2025-11-16,Fars,0.1512520423677141
2025-11-16,Khorasan Razavi,0.0471638004550623
2025-11-16,East Azerbaijan,0.11150345464345235
2025-11-16,Mazandaran,0.1156489873129604
2025-11-16,Khuzestan,0.23017379009878233
2025-11-16,Alborz,0.06998193236167354
2025-11-17,Tehran,0.18279048457208202
2025-11-17,Isfahan,0.08378417836001913
2025-11-17,Fars,0.0744118336573443
2025-11-17,Khorasan Razavi,0.29657865640751674
2025-11-17,East Azerbaijan,0.03405531219060091
2025-11-17,Mazandaran,0.02122792594204983
2025-11-17,Khuzestan,0.11009121383160593
2025-11-17,Alborz,0.19706039503878103
2025-11-18,Tehran,0.16384069322627276
2025-11-18,Isfahan,0.01919179038535304
2025-11-18,Fars,0.018876805723958345
2025-11-18,Khorasan Razavi,0.036715100987366925
2025-11-18,East Azerbaijan,0.19932336149181687
2025-11-18,Mazandaran,0.2136921753688982
2025-11-18,Khuzestan,0.2485150149854214
2025-11-18,Alborz,0.09984505783091235
2025-11-19,Tehran,0.023088355483660155
2025-11-19,Isfahan,0.42689005663504115
2025-11-19,Fars,0.16681683031215425
2025-11-19,Khorasan Razavi,0.04493437030784034
2025-11-19,East Azerbaijan,0.07002076431217909
2025-11-19,Mazandaran,0.2003590866424919
2025-11-19,Khuzestan,0.050617164836695844
2025-11-19,Alborz,0.01727337146993702
2025-11-20,Tehran,0.030658030565345613
2025-11-20,Isfahan,0.11888673223570125
2025-11-20,Fars,0.08193957679269251
2025-11-20,Khorasan Razavi,0.44727124640288063
2025-11-20,East Azerbaijan,0.18737435715772785
2025-11-20,Mazandaran,0.06655843511935053
2025-11-20,Khuzestan,0.021463528999775248
2025-11-20,Alborz,0.04584809272652634
2025-11-21,Tehran,0.2208244082208755
2025-11-21,Isfahan,0.20311364345591768
2025-11-21,Fars,0.09507402092044606
2025-11-21,Khorasan Razavi,0.12142367947157115
2025-11-21,East Azerbaijan,0.025254129394325045
2025-11-21,Mazandaran,0.09071556422181339
2025-11-21,Khuzestan,0.05664322160263436
2025-11-21,Alborz,0.1869513327124167
2025-11-22,Tehran,0.15574046818669768
2025-11-22,Isfahan,0.30041760867077794
2025-11-22,Fars,0.07529145075062248
2025-11-22,Khorasan Razavi,0.2618137544238721
2025-11-22,East Azerbaijan,0.07973273363539707
2025-11-22,Mazandaran,0.030975316873141014
2025-11-22,Khuzestan,0.030815353750669
2025-11-22,Alborz,0.06521331370882283
2025-11-23,Tehran,0.013190723755718085
2025-11-23,Isfahan,0.13685594616646132
2025-11-23,Fars,0.14051722588569032
2025-11-23,Khorasan Razavi,0.03678553628899002
2025-11-23,East Azerbaijan,0.32259074599265714
2025-11-23,Mazandaran,0.18772437357526575
2025-11-23,Khuzestan,0.06398911348973055
2025-11-23,Alborz,0.0983463348454868
2025-11-24,Tehran,0.19598978262772182
2025-11-24,Isfahan,0.22011183499016765
2025-11-24,Fars,0.06314357250308307
2025-11-24,Khorasan Razavi,0.028645555164457704
2025-11-24,East Azerbaijan,0.03963851147042114
2025-11-24,Mazandaran,0.10597596670584217
2025-11-24,Khuzestan,0.07011619115363993
2025-11-24,Alborz,0.27637858538466653
2025-11-25,Tehran,0.02593418417027053
2025-11-25,Isfahan,0.06525928423375242
2025-11-25,Fars,0.18715842330835664
2025-11-25,Khorasan Razavi,0.1486248315754028
2025-11-25,East Azerbaijan,0.030762948159835313
2025-11-25,Mazandaran,0.18318399603518254
2025-11-25,Khuzestan,0.3477175093232184
2025-11-25,Alborz,0.01135882319398134
2025-11-26,Tehran,0.18417104235450038
2025-11-26,Isfahan,0.07217453234372914
2025-11-26,Fars,0.1728843484985303
2025-11-26,Khorasan Razavi,0.024113560614465835
2025-11-26,East Azerbaijan,0.15788625752015284
2025-11-26,Mazandaran,0.046725673308412596
2025-11-26,Khuzestan,0.22818704832990647
2025-11-26,Alborz,0.11385753703030235
2025-11-27,Tehran,0.11090386366453688
2025-11-27,Isfahan,0.1432317864457881
2025-11-27,Fars,0.3259737627073175
2025-11-27,Khorasan Razavi,0.0725083106982023
2025-11-27,East Azerbaijan,0.1598096153022665
2025-11-27,Mazandaran,0.01778332437880513
2025-11-27,Khuzestan,0.10686913257251808
2025-11-27,Alborz,0.06292020423056555
2025-11-28,Tehran,0.05929238811925808
2025-11-28,Isfahan,0.09989768644791194
2025-11-28,Fars,0.16209825084019852
2025-11-28,Khorasan Razavi,0.01778248386202606
2025-11-28,East Azerbaijan,0.31071341385479334
2025-11-28,Mazandaran,0.09330603209951106
2025-11-28,Khuzestan,0.08961073079576101
2025-11-28,Alborz,0.16729901398053984
2025-11-29,Tehran,0.21486632565735228
2025-11-29,Isfahan,0.10985009778659215
2025-11-29,Fars,0.056914503673709864
2025-11-29,Khorasan Razavi,0.239836040966387
2025-11-29,East Azerbaijan,0.1664188980160392
2025-11-29,Mazandaran,0.16167048013703356
2025-11-29,Khuzestan,0.028780982652411753
2025-11-29,Alborz,0.021662671110474027
2025-11-30,Tehran,0.02235879705212729
2025-11-30,Isfahan,0.13404414251179544
2025-11-30,Fars,0.04960705327420018
2025-11-30,Khorasan Razavi,0.22749255445810018
2025-11-30,East Azerbaijan,0.30043860352453555
2025-11-30,Mazandaran,0.07225962738293523
2025-11-30,Khuzestan,0.12710223633580692
2025-11-30,Alborz,0.06669698546049904
2025-12-01,Tehran,0.12057002421372105
2025-12-01,Isfahan,0.05748786319429572
2025-12-01,Fars,0.08296204797334938
2025-12-01,Khorasan Razavi,0.2729352762905723
2025-12-01,East Azerbaijan,0.216696841873009
2025-12-01,Mazandaran,0.02949418168259593
2025-12-01,Khuzestan,0.15156322881159143
2025-12-01,Alborz,0.06829053596086516
2025-12-02,Tehran,0.3309638519453283
2025-12-02,Isfahan,0.08744740129335617
2025-12-02,Fars,0.11856113978080128
2025-12-02,Khorasan Razavi,0.14263020818078326
2025-12-02,East Azerbaijan,0.061516571714488384
2025-12-02,Mazandaran,0.0742030883880812
2025-12-02,Khuzestan,0.1289524983082204
2025-12-02,Alborz,0.05572524038894115
2025-12-03,Tehran,0.03728482712146295
2025-12-03,Isfahan,0.10444312568470059
2025-12-03,Fars,0.029640985316217804
2025-12-03,Khorasan Razavi,0.12526662981875442
2025-12-03,East Azerbaijan,0.07994851012021584
2025-12-03,Mazandaran,0.13907944902631092
2025-12-03,Khuzestan,0.20452923559336836
2025-12-03,Alborz,0.27980723731896906
2025-12-04,Tehran,0.0446514690785148
2025-12-04,Isfahan,0.09843659956396025
2025-12-04,Fars,0.15983103532830795
2025-12-04,Khorasan Razavi,0.1797134218410912
2025-12-04,East Azerbaijan,0.11403175143755441
2025-12-04,Mazandaran,0.10735963401701622
2025-12-04,Khuzestan,0.23902149497415157
2025-12-04,Alborz,0.05695459375940386
2025-12-05,Tehran,0.21114560016347264
2025-12-05,Isfahan,0.06356371973730372
2025-12-05,Fars,0.0783448460271594
2025-12-05,Khorasan Razavi,0.18301373422264494
2025-12-05,East Azerbaijan,0.053563843843988976
2025-12-05,Mazandaran,0.1720377306114827
2025-12-05,Khuzestan,0.06193998145418075
2025-12-05,Alborz,0.17639054393976691
2025-12-06,Tehran,0.11730410474396666
2025-12-06,Isfahan,0.004187940857894862
2025-12-06,Fars,0.18404270634404574
2025-12-06,Khorasan Razavi,0.10565830583482295
2025-12-06,East Azerbaijan,0.16524259850802583
2025-12-06,Mazandaran,0.10994612908174362
2025-12-06,Khuzestan,0.13770778600800404
2025-12-06,Alborz,0.17591042862149617
2025-12-07,Tehran,0.010059282872708727
2025-12-07,Isfahan,0.48076173991579363
2025-12-07,Fars,0.10515823602364742
2025-12-07,Khorasan Razavi,0.10851472544285606
2025-12-07,East Azerbaijan,0.014377818812824036
2025-12-07,Mazandaran,0.18302570641270416
2025-12-07,Khuzestan,0.07284711647167592
2025-12-07,Alborz,0.025255374047790036
2025-12-08,Tehran,0.13320166888865453
2025-12-08,Isfahan,0.055242593462022954
2025-12-08,Fars,0.10766976844811417
2025-12-08,Khorasan Razavi,0.08494528606516287
2025-12-08,East Azerbaijan,0.3048880738704787
2025-12-08,Mazandaran,0.042738280469511766
2025-12-08,Khuzestan,0.0974068263828726
2025-12-08,Alborz,0.17390750241318229
2025-12-09,Tehran,0.07077584694683513
2025-12-09,Isfahan,0.051223389171848856
2025-12-09,Fars,0.06510839564847817
2025-12-09,Khorasan Razavi,0.1062042916230872
2025-12-09,East Azerbaijan,0.03379547862548454
2025-12-09,Mazandaran,0.054390619617869715
2025-12-09,Khuzestan,0.060787534254407985
2025-12-09,Alborz,0.5577144441119883
2025-12-10,Tehran,0.062397687148741825
2025-12-10,Isfahan,0.042253975308086854
2025-12-10,Fars,0.029303428616732005
2025-12-10,Khorasan Razavi,0.06501771350386694
2025-12-10,East Azerbaijan,0.19967156297585528
2025-12-10,Mazandaran,0.10407330372705846
2025-12-10,Khuzestan,0.12604169902447834
2025-12-10,Alborz,0.37124062969518035
2025-12-11,Tehran,0.0625582392540829
2025-12-11,Isfahan,0.13947713813756657
2025-12-11,Fars,0.01883704739667802
2025-12-11,Khorasan Razavi,0.09818620028832188
2025-12-11,East Azerbaijan,0.2402872206882123
2025-12-11,Mazandaran,0.11181170390693855
2025-12-11,Khuzestan,0.24381641449684613
2025-12-11,Alborz,0.08502603583135364
2025-12-12,Tehran,0.09920224388809941
2025-12-12,Isfahan,0.11348536502470993
2025-12-12,Fars,0.03397268124526051
2025-12-12,Khorasan Razavi,0.20619831686168852
2025-12-12,East Azerbaijan,0.29066819913267544
2025-12-12,Mazandaran,0.03979843559775074
2025-12-12,Khuzestan,0.09125058392894861
2025-12-12,Alborz,0.12542417432086678
2025-12-13,Tehran,0.27077931352960016
2025-12-13,Isfahan,0.06633697038391455
2025-12-13,Fars,0.09298851284063861
2025-12-13,Khorasan Razavi,0.10976381594391126
2025-12-13,East Azerbaijan,0.05678029440421274
2025-12-13,Mazandaran,0.13769038713730616
2025-12-13,Khuzestan,0.17654989280061392
2025-12-13,Alborz,0.08911081295980264
2025-12-14,Tehran,0.3877086996917765
2025-12-14,Isfahan,0.15284727314853908
2025-12-14,Fars,0.06525836162186407
2025-12-14,Khorasan Razavi,0.02902152127277173
2025-12-14,East Azerbaijan,0.08743450068883678
2025-12-14,Mazandaran,0.1041792385935171
2025-12-14,Khuzestan,0.07293503295386916
2025-12-14,Alborz,0.10061537202882577
2025-12-15,Tehran,0.09547325105514526
2025-12-15,Isfahan,0.160754226382322
2025-12-15,Fars,0.17744459596182882
2025-12-15,Khorasan Razavi,0.12710919479219907
2025-12-15,East Azerbaijan,0.07666558506470339
2025-12-15,Mazandaran,0.1341324631103718
2025-12-15,Khuzestan,0.17084436879117504
2025-12-15,Alborz,0.057576314842254665
2025-12-16,Tehran,0.0745575178610706
2025-12-16,Isfahan,0.1463488726572622
2025-12-16,Fars,0.14649915226748675
2025-12-16,Khorasan Razavi,0.08423160573229244
2025-12-16,East Azerbaijan,0.17184195880654252
2025-12-16,Mazandaran,0.33858731552618376
2025-12-16,Khuzestan,0.024044516234541735
2025-12-16,Alborz,0.013889060914620187
2025-12-17,Tehran,0.061169319191136384
2025-12-17,Isfahan,0.14908949992625636
2025-12-17,Fars,0.15776082636743272
2025-12-17,Khorasan Razavi,0.21303718353281131
2025-12-17,East Azerbaijan,0.11333012809018703
2025-12-17,Mazandaran,0.11382008792987708
2025-12-17,Khuzestan,0.036373155258432106
2025-12-17,Alborz,0.1554197997038671
2025-12-18,Tehran,0.1908184418548888
2025-12-18,Isfahan,0.12574902918546485
2025-12-18,Fars,0.07689094564603126
2025-12-18,Khorasan Razavi,0.22973190117028666
2025-12-18,East Azerbaijan,0.21911064678993222
2025-12-18,Mazandaran,0.11259255353361299
2025-12-18,Khuzestan,0.009481095709267029
2025-12-18,Alborz,0.035625386110516015
2025-12-19,Tehran,0.14105043576705023
2025-12-19,Isfahan,0.149354506492303
2025-12-19,Fars,0.21180683701121206
2025-12-19,Khorasan Razavi,0.017474930718800276
2025-12-19,East Azerbaijan,0.027613320609523852
2025-12-19,Mazandaran,0.12416021760399824
2025-12-19,Khuzestan,0.22610550162905885
2025-12-19,Alborz,0.10243425016805337
2025-12-20,Tehran,0.035012344259775514
2025-12-20,Isfahan,0.3781326841639879
2025-12-20,Fars,0.036852316494791384
2025-12-20,Khorasan Razavi,0.0486713437234886
2025-12-20,East Azerbaijan,0.08198974472810218
2025-12-20,Mazandaran,0.11226162987258048
2025-12-20,Khuzestan,0.13870747831774985
2025-12-20,Alborz,0.16837245843952392
2025-12-21,Tehran,0.4355257133300862
2025-12-21,Isfahan,0.021650443187526038
2025-12-21,Fars,0.2049936067829284
2025-12-21,Khorasan Razavi,0.010114580642094341
2025-12-21,East Azerbaijan,0.02941114105575331
2025-12-21,Mazandaran,0.07227061531434881
2025-12-21,Khuzestan,0.05694691289661844
2025-12-21,Alborz,0.16908698679064418
2025-12-22,Tehran,0.12402273767694386
2025-12-22,Isfahan,0.13809736743327766
2025-12-22,Fars,0.05404116698682003
2025-12-22,Khorasan Razavi,0.08274797330566001
2025-12-22,East Azerbaijan,0.3331449659242111
2025-12-22,Mazandaran,0.07928228109640492
2025-12-22,Khuzestan,0.13126800068691397
2025-12-22,Alborz,0.05739550688976861
2025-12-23,Tehran,0.19234365669598275
2025-12-23,Isfahan,0.07691681030955735
2025-12-23,Fars,0.1524974695926373
2025-12-23,Khorasan Razavi,0.2027750436297986
2025-12-23,East Azerbaijan,0.050591154446341866
2025-12-23,Mazandaran,0.1722016959303743
2025-12-23,Khuzestan,0.09873415651013341
2025-12-23,Alborz,0.0539400128851745
2025-12-24,Tehran,0.1560031939724566
2025-12-24,Isfahan,0.04082198433754421
2025-12-24,Fars,0.20983868167908232
2025-12-24,Khorasan Razavi,0.03242534598041805
2025-12-24,East Azerbaijan,0.08620105428433533
2025-12-24,Mazandaran,0.04154943152395373
2025-12-24,Khuzestan,0.2276079057702053
2025-12-24,Alborz,0.20555240245200437
2025-12-25,Tehran,0.04989072398036548
2025-12-25,Isfahan,0.1234169691587952
2025-12-25,Fars,0.3568614715393815
2025-12-25,Khorasan Razavi,0.11725086503956501
2025-12-25,East Azerbaijan,0.12437890441572984
2025-12-25,Mazandaran,0.10666241966221608
2025-12-25,Khuzestan,0.031307000230194136
2025-12-25,Alborz,0.09023164597375297
2025-12-26,Tehran,0.0869990930259341
2025-12-26,Isfahan,0.19984492833149123
2025-12-26,Fars,0.17833257220827217
2025-12-26,Khorasan Razavi,0.20185022670475963
2025-12-26,East Azerbaijan,0.041076960624761606
2025-12-26,Mazandaran,0.02167380816577506
2025-12-26,Khuzestan,0.2340879758681932
2025-12-26,Alborz,0.03613443507081308
2025-12-27,Tehran,0.2778508145277156
2025-12-27,Isfahan,0.17635730739507183
2025-12-27,Fars,0.1326189330939607
2025-12-27,Khorasan Razavi,0.04432368188830123
2025-12-27,East Azerbaijan,0.20155194976387295
2025-12-27,Mazandaran,0.07466154877578889
2025-12-27,Khuzestan,0.061912134370374704
2025-12-27,Alborz,0.03072363018491416
2025-12-28,Tehran,0.12079965974476353
2025-12-28,Isfahan,0.1047831225795865
2025-12-28,Fars,0.1850496688695248
2025-12-28,Khorasan Razavi,0.20272220350845765
2025-12-28,East Azerbaijan,0.009709848021433268
2025-12-28,Mazandaran,0.21281898872740537
2025-12-28,Khuzestan,0.08878436538157017
2025-12-28,Alborz,0.07533214316725872
2025-12-29,Tehran,0.0357776547238286
2025-12-29,Isfahan,0.2910329237103494
2025-12-29,Fars,0.11428296378469333
2025-12-29,Khorasan Razavi,0.1464549929119783
2025-12-29,East Azerbaijan,0.16852862138726904
2025-12-29,Mazandaran,0.03362137347643168
2025-12-29,Khuzestan,0.08220800131524315
2025-12-29,Alborz,0.12809346869020674
2025-12-30,Tehran,0.13696695057658975
2025-12-30,Isfahan,0.19019982653423304
2025-12-30,Fars,0.07951189351561493
2025-12-30,Khorasan Razavi,0.25149456175805
2025-12-30,East Azerbaijan,0.07981732350650787
2025-12-30,Mazandaran,0.031864172073559724
2025-12-30,Khuzestan,0.05228456954785597
2025-12-30,Alborz,0.1778607024875889
2025-12-31,Tehran,0.13048295922357392
2025-12-31,Isfahan,0.03283413802675073
2025-12-31,Fars,0.08956669802777512
2025-12-31,Khorasan Razavi,0.3251986507124297
2025-12-31,East Azerbaijan,0.037857537214890415
2025-12-31,Mazandaran,0.14812957806652688
2025-12-31,Khuzestan,0.15048085012887277
2025-12-31,Alborz,0.08544958859918059
2026-01-01,Tehran,0.015640408615088704
2026-01-01,Isfahan,0.12591207449469488
2026-01-01,Fars,0.13287362202106265
2026-01-01,Khorasan Razavi,0.041741576858025015
2026-01-01,East Azerbaijan,0.15010532142509728
2026-01-01,Mazandaran,0.05586363243398185
2026-01-01,Khuzestan,0.10315212035023458
2026-01-01,Alborz,0.37471124380181503
2026-01-02,Tehran,0.16942706718401573
2026-01-02,Isfahan,0.1783307724629031
2026-01-02,Fars,0.06965499059389588
2026-01-02,Khorasan Razavi,0.17530899664985558
2026-01-02,East Azerbaijan,0.16595077087370053
2026-01-02,Mazandaran,0.10578038712900975
2026-01-02,Khuzestan,0.06145531869705341
2026-01-02,Alborz,0.07409169640956613
2026-01-03,Tehran,0.11057307411602961
2026-01-03,Isfahan,0.15228783595430687
2026-01-03,Fars,0.012722678178238408
2026-01-03,Khorasan Razavi,0.13035315681594448
2026-01-03,East Azerbaijan,0.17518694073898017
2026-01-03,Mazandaran,0.0642912011091446
2026-01-03,Khuzestan,0.21625771867173973
2026-01-03,Alborz,0.13832739441561603
2026-01-04,Tehran,0.06341147415385846
2026-01-04,Isfahan,0.08631858366499086
2026-01-04,Fars,0.15896012848045743
2026-01-04,Khorasan Razavi,0.18023348565351346
2026-01-04,East Azerbaijan,0.13365404889680602
2026-01-04,Mazandaran,0.16997876919345511
2026-01-04,Khuzestan,0.12117816220720273
2026-01-04,Alborz,0.08626534774971605
2026-01-05,Tehran,0.21060409677010347
2026-01-05,Isfahan,0.05305290301113298
2026-01-05,Fars,0.09116500055553045
2026-01-05,Khorasan Razavi,0.21577038897070216
2026-01-05,East Azerbaijan,0.17215157994785327
2026-01-05,Mazandaran,0.13349431273162898
2026-01-05,Khuzestan,0.07008960378600061
2026-01-05,Alborz,0.05367211422704787
2026-01-06,Tehran,0.17375926180132165
2026-01-06,Isfahan,0.055849506398297666
2026-01-06,Fars,0.10721182854521717
2026-01-06,Khorasan Razavi,0.10287910941045597
2026-01-06,East Azerbaijan,0.1460133997514988
2026-01-06,Mazandaran,0.1731374731765205
2026-01-06,Khuzestan,0.18067405836807884
2026-01-06,Alborz,0.06047536254860919
2026-01-07,Tehran,0.26346937189656533
2026-01-07,Isfahan,0.10786276958535314
2026-01-07,Fars,0.05438462851695176
2026-01-07,Khorasan Razavi,0.03898846645733606
2026-01-07,East Azerbaijan,0.07450760213375718
2026-01-07,Mazandaran,0.19804621578009926
2026-01-07,Khuzestan,0.042944728670293315
2026-01-07,Alborz,0.21979621695964377
2026-01-08,Tehran,0.09476124941431069
2026-01-08,Isfahan,0.01904276322811363
2026-01-08,Fars,0.10240916481916439
2026-01-08,Khorasan Razavi,0.11847894361041172
2026-01-08,East Azerbaijan,0.21892044322659285
2026-01-08,Mazandaran,0.030418925309363184
2026-01-08,Khuzestan,0.15136892687738662
2026-01-08,Alborz,0.264599583514657
2026-01-09,Tehran,0.027873380503004926
2026-01-09,Isfahan,0.08384635748875802
2026-01-09,Fars,0.06467267704590804
2026-01-09,Khorasan Razavi,0.2147148059594894
2026-01-09,East Azerbaijan,0.25264298287526404
2026-01-09,Mazandaran,0.034430791874511216
2026-01-09,Khuzestan,0.13027254572952432
2026-01-09,Alborz,0.19154645852354013
2026-01-10,Tehran,0.10168657683410248
2026-01-10,Isfahan,0.03133413201339594
2026-01-10,Fars,0.10842386076524316
2026-01-10,Khorasan Razavi,0.15706395736427053
2026-01-10,East Azerbaijan,0.21428484851970422
2026-01-10,Mazandaran,0.056806535183779
2026-01-10,Khuzestan,0.2812950693516934
2026-01-10,Alborz,0.049105019967811275
2026-01-11,Tehran,0.02369104000099075
2026-01-11,Isfahan,0.15376854154468428
2026-01-11,Fars,0.14974780521125
2026-01-11,Khorasan Razavi,0.04728291697005016
2026-01-11,East Azerbaijan,0.16574717361699656
2026-01-11,Mazandaran,0.0810281670145217
2026-01-11,Khuzestan,0.14133658756613313
2026-01-11,Alborz,0.23739776807537336
2026-01-12,Tehran,0.04798803828875686
2026-01-12,Isfahan,0.2672195379842175
2026-01-12,Fars,0.17720695930369418
2026-01-12,Khorasan Razavi,0.06455649177748707
2026-01-12,East Azerbaijan,0.14019317763814546
2026-01-12,Mazandaran,0.21853895360323755
2026-01-12,Khuzestan,0.030434882121176312
2026-01-12,Alborz,0.053861959283284994
2026-01-13,Tehran,0.15833389734397968
2026-01-13,Isfahan,0.24645993815398104
2026-01-13,Fars,0.18234724438171926
2026-01-13,Khorasan Razavi,0.07220446562577765
2026-01-13,East Azerbaijan,0.03764288429640263
2026-01-13,Mazandaran,0.12992881418433758
2026-01-13,Khuzestan,0.0723395465788392
2026-01-13,Alborz,0.100743209434963
2026-01-14,Tehran,0.134302934697039
2026-01-14,Isfahan,0.06817966586500464
2026-01-14,Fars,0.011357573177219483
2026-01-14,Khorasan Razavi,0.3611793085623344
2026-01-14,East Azerbaijan,0.20453337475206723
2026-01-14,Mazandaran,0.07240707273193357
2026-01-14,Khuzestan,0.10647020649097581
2026-01-14,Alborz,0.04156986372342604
2026-01-15,Tehran,0.02889070467368455
2026-01-15,Isfahan,0.3349067528992623
2026-01-15,Fars,0.10921881695130069
2026-01-15,Khorasan Razavi,0.06504508344573348
2026-01-15,East Azerbaijan,0.06905147515378625
2026-01-15,Mazandaran,0.08155454212534055
2026-01-15,Khuzestan,0.04150504328011233
2026-01-15,Alborz,0.2698275814707798
2026-01-16,Tehran,0.2244710145040912
2026-01-16,Isfahan,0.14243540073518865
2026-01-16,Fars,0.1626517390390348
2026-01-16,Khorasan Razavi,0.15041449358202397
2026-01-16,East Azerbaijan,0.08090776571179904
2026-01-16,Mazandaran,0.07520304896739197
2026-01-16,Khuzestan,0.05100024452939784
2026-01-16,Alborz,0.11291629293107255
2026-01-17,Tehran,0.13905495197841866
2026-01-17,Isfahan,0.03883346808319439
2026-01-17,Fars,0.35724727121964045
2026-01-17,Khorasan Razavi,0.1364225660741268
2026-01-17,East Azerbaijan,0.0763053333015399
2026-01-17,Mazandaran,0.07314204201741822
2026-01-17,Khuzestan,0.03137342253428737
2026-01-17,Alborz,0.14762094479137436
2026-01-18,Tehran,0.15023125755798
2026-01-18,Isfahan,0.2131980745228325
2026-01-18,Fars,0.20325677834241965
2026-01-18,Khorasan Razavi,0.14428775831885315
2026-01-18,East Azerbaijan,0.09160729297445737
2026-01-18,Mazandaran,0.09748463676841777
2026-01-18,Khuzestan,0.023369873216273984
2026-01-18,Alborz,0.07656432829876557
2026-01-19,Tehran,0.046007806500598915
2026-01-19,Isfahan,0.09451925714572659
2026-01-19,Fars,0.23763385421825328
2026-01-19,Khorasan Razavi,0.18225498390691558
2026-01-19,East Azerbaijan,0.09250276835237263
2026-01-19,Mazandaran,0.11466156386228543
2026-01-19,Khuzestan,0.12161565877688028
2026-01-19,Alborz,0.11080410723696732
2026-01-20,Tehran,0.21055784982226672
2026-01-20,Isfahan,0.02334374994726583
2026-01-20,Fars,0.17593949507350418
2026-01-20,Khorasan Razavi,0.09972030870021731
2026-01-20,East Azerbaijan,0.07067054527665795
2026-01-20,Mazandaran,0.12812194803007496
2026-01-20,Khuzestan,0.1457739444887253
2026-01-20,Alborz,0.1458721586612877
2026-01-21,Tehran,0.2258322853592479
2026-01-21,Isfahan,0.046885922358362496
2026-01-21,Fars,0.14253749374380736
2026-01-21,Khorasan Razavi,0.04662695021768315
2026-01-21,East Azerbaijan,0.06420738857037162
2026-01-21,Mazandaran,0.14744452974300218
2026-01-21,Khuzestan,0.10901191024065614
2026-01-21,Alborz,0.21745351976686922
2026-01-22,Tehran,0.05222024208005951
2026-01-22,Isfahan,0.016089826247235466
2026-01-22,Fars,0.06954576625264289
2026-01-22,Khorasan Razavi,0.37635530888169666
2026-01-22,East Azerbaijan,0.20796055682940182
2026-01-22,Mazandaran,0.04235001670222147
2026-01-22,Khuzestan,0.058388599981029334
2026-01-22,Alborz,0.1770896830257127
2026-01-23,Tehran,0.09677922998406191
2026-01-23,Isfahan,0.09673197290967667
2026-01-23,Fars,0.10802126640932537
2026-01-23,Khorasan Razavi,0.05461378817929362
2026-01-23,East Azerbaijan,0.03657775579988306
2026-01-23,Mazandaran,0.057656791945178774
2026-01-23,Khuzestan,0.27953446639087065
2026-01-23,Alborz,0.2700847283817099
2026-01-24,Tehran,0.19324419440510707
2026-01-24,Isfahan,0.21227473349792778
2026-01-24,Fars,0.04782889597330511
2026-01-24,Khorasan Razavi,0.13930382677326927
2026-01-24,East Azerbaijan,0.15217875981118834
2026-01-24,Mazandaran,0.09212437183292721
2026-01-24,Khuzestan,0.07612308542608849
2026-01-24,Alborz,0.08692213228018698
2026-01-25,Tehran,0.12188991778390651
2026-01-25,Isfahan,0.18543447977267077
2026-01-25,Fars,0.06846946557473042
2026-01-25,Khorasan Razavi,0.08995964216566366
2026-01-25,East Azerbaijan,0.11729170336458415
2026-01-25,Mazandaran,0.06086043152848854
2026-01-25,Khuzestan,0.06153365447291
2026-01-25,Alborz,0.294560705337046
2026-01-26,Tehran,0.12775141193370743
2026-01-26,Isfahan,0.23072847399377655
2026-01-26,Fars,0.10178531802959527
2026-01-26,Khorasan Razavi,0.1547784708838496
2026-01-26,East Azerbaijan,0.13257291725854675
2026-01-26,Mazandaran,0.08854347902863145
2026-01-26,Khuzestan,0.11220316106129156
2026-01-26,Alborz,0.051636767810601475
2026-01-27,Tehran,0.12471156417740195
2026-01-27,Isfahan,0.135407813276318
2026-01-27,Fars,0.043682113031895675
2026-01-27,Khorasan Razavi,0.055280277880586516
2026-01-27,East Azerbaijan,0.13954737250662055
2026-01-27,Mazandaran,0.15317976076579629
2026-01-27,Khuzestan,0.15407643082116465
2026-01-27,Alborz,0.1941146675402163
2026-01-28,Tehran,0.046102672640536815
2026-01-28,Isfahan,0.21341749730422674
2026-01-28,Fars,0.03424955018259334
2026-01-28,Khorasan Razavi,0.045746018013695294
2026-01-28,East Azerbaijan,0.19783092759499812
2026-01-28,Mazandaran,0.27990015411918917
2026-01-28,Khuzestan,0.06577286140766987
2026-01-28,Alborz,0.11698031873709064
2026-01-29,Tehran,0.24885369920000702
2026-01-29,Isfahan,0.1493324803816303
2026-01-29,Fars,0.14951589820549163
2026-01-29,Khorasan Razavi,0.06777015478447256
2026-01-29,East Azerbaijan,0.0646171972017175
2026-01-29,Mazandaran,0.09602786729168569
2026-01-29,Khuzestan,0.084319618162804
2026-01-29,Alborz,0.13956308477219143
2026-01-30,Tehran,0.1391450479955691
2026-01-30,Isfahan,0.12699487509605425
2026-01-30,Fars,0.09214004700013251
2026-01-30,Khorasan Razavi,0.29660375074245293
2026-01-30,East Azerbaijan,0.04645164902396252
2026-01-30,Mazandaran,0.18530051666801267
2026-01-30,Khuzestan,0.05249781883131159
2026-01-30,Alborz,0.060866294642504454
2026-01-31,Tehran,0.027807568960640475
2026-01-31,Isfahan,0.328452934106824
2026-01-31,Fars,0.14630135643661593
2026-01-31,Khorasan Razavi,0.07131949589374786
2026-01-31,East Azerbaijan,0.14674264183179725
2026-01-31,Mazandaran,0.04252867220360683
2026-01-31,Khuzestan,0.2133671125504247
2026-01-31,Alborz,0.02348021801634293
2026-02-01,Tehran,0.3469962751540006
2026-02-01,Isfahan,0.03812303083593685
2026-02-01,Fars,0.05847685368699674
2026-02-01,Khorasan Razavi,0.07125812232664386
2026-02-01,East Azerbaijan,0.08736943296185053
2026-02-01,Mazandaran,0.13401587902948803
2026-02-01,Khuzestan,0.18417854257827168
2026-02-01,Alborz,0.07958186342681176
2026-02-02,Tehran,0.04213285711261084
2026-02-02,Isfahan,0.1437571651203318
2026-02-02,Fars,0.17407852270941282
2026-02-02,Khorasan Razavi,0.21242853984252438
2026-02-02,East Azerbaijan,0.01262099063842482
2026-02-02,Mazandaran,0.2693855475760851
2026-02-02,Khuzestan,0.072901037513709
2026-02-02,Alborz,0.07269533948690138
2026-02-03,Tehran,0.32920557278485985
2026-02-03,Isfahan,0.020823245977989766
2026-02-03,Fars,0.1746133409312909
2026-02-03,Khorasan Razavi,0.11797222641313565
2026-02-03,East Azerbaijan,0.015660346621352808
2026-02-03,Mazandaran,0.03602008086068873
2026-02-03,Khuzestan,0.2646262625074734
2026-02-03,Alborz,0.04107892390320876
2026-02-04,Tehran,0.026996139630156693
2026-02-04,Isfahan,0.07501834281654438
2026-02-04,Fars,0.1983765673937067
2026-02-04,Khorasan Razavi,0.20378853452585408
2026-02-04,East Azerbaijan,0.151821637928773
2026-02-04,Mazandaran,0.07957890930021375
2026-02-04,Khuzestan,0.09576074981699562
2026-02-04,Alborz,0.16865911858775584
2026-02-05,Tehran,0.07096297732588737
2026-02-05,Isfahan,0.17311636888018406
2026-02-05,Fars,0.11117002149073663
2026-02-05,Khorasan Razavi,0.15727360197291823
2026-02-05,East Azerbaijan,0.041354944287907675
2026-02-05,Mazandaran,0.07513279315386419
2026-02-05,Khuzestan,0.32637179902324814
2026-02-05,Alborz,0.04461749386525379
2026-02-06,Tehran,0.22445799281853474
2026-02-06,Isfahan,0.11410997662204324
2026-02-06,Fars,0.11570362337150389
2026-02-06,Khorasan Razavi,0.02241802475809829
2026-02-06,East Azerbaijan,0.03661210512137753
2026-02-06,Mazandaran,0.16116184446382903
2026-02-06,Khuzestan,0.27515438047740887
2026-02-06,Alborz,0.0503820523672044
2026-02-07,Tehran,0.07385611583738334
2026-02-07,Isfahan,0.08553971283963555
2026-02-07,Fars,0.10285900917093763
2026-02-07,Khorasan Razavi,0.0798381936363021
2026-02-07,East Azerbaijan,0.24091565682835014
2026-02-07,Mazandaran,0.07944016420349809
2026-02-07,Khuzestan,0.14200050105070622
2026-02-07,Alborz,0.195550646433187
2026-02-08,Tehran,0.10204986784013494
2026-02-08,Isfahan,0.04166264805575415
2026-02-08,Fars,0.19290584670813157
2026-02-08,Khorasan Razavi,0.0834806561404039
2026-02-08,East Azerbaijan,0.15903365464659078
2026-02-08,Mazandaran,0.15597443003051648
2026-02-08,Khuzestan,0.042737477700191394
2026-02-08,Alborz,0.22215541887827672
2026-02-09,Tehran,0.24397668127127928
2026-02-09,Isfahan,0.04785617455588961
2026-02-09,Fars,0.013300826667684965
2026-02-09,Khorasan Razavi,0.07614168656412391
2026-02-09,East Azerbaijan,0.0756513102995712
2026-02-09,Mazandaran,0.1630969634121442
2026-02-09,Khuzestan,0.11966737489314738
2026-02-09,Alborz,0.26030898233615946
2026-02-10,Tehran,0.08868263505504917
2026-02-10,Isfahan,0.13435581000093064
2026-02-10,Fars,0.0966279088733325
2026-02-10,Khorasan Razavi,0.0817660500609047
2026-02-10,East Azerbaijan,0.16885445453149997
2026-02-10,Mazandaran,0.0838128362296791
2026-02-10,Khuzestan,0.14603218561814207
2026-02-10,Alborz,0.19986811963046183
2026-02-11,Tehran,0.16056326186364803
2026-02-11,Isfahan,0.12972299961274433
2026-02-11,Fars,0.247103208846604
2026-02-11,Khorasan Razavi,0.11638234094932863
2026-02-11,East Azerbaijan,0.0994384879616533
2026-02-11,Mazandaran,0.13404326665053853
2026-02-11,Khuzestan,0.05814178445780596
2026-02-11,Alborz,0.054604649657677154
